DRRALL,CRRINT,RESP_DATE,CRRALL,GEO_ID,DRRINT,state,county,tract,GEOID10
0,53.2,2020-04-02,0,1400000USXXXXXXXXXXX,0,48,453,0,XTESTVALUEX
4.7,40.9,2020-04-02,41,1400000US48453000205,4.7,48,453,000205,48453000205
4.4,44,2020-04-02,44.2,1400000US48453000304,4.4,48,453,000304,48453000304
5.2,48.8,2020-04-02,49.5,1400000US48453000308,5,48,453,000308,48453000308
3.9,42.3,2020-04-02,42.4,1400000US48453000401,3.9,48,453,000401,48453000401
1.7,25.9,2020-04-02,25.9,1400000US48453000601,1.7,48,453,000601,48453000601
2.2,23.8,2020-04-02,23.8,1400000US48453000607,2.2,48,453,000607,48453000607
4.2,18.9,2020-04-02,32.2,1400000US48453000801,2.4,48,453,000801,48453000801
3.9,35.6,2020-04-02,36.4,1400000US48453000804,3.8,48,453,000804,48453000804
3.8,33.8,2020-04-02,34.4,1400000US48453001000,3.8,48,453,001000,48453001000
3.8,43,2020-04-02,43,1400000US48453001605,3.8,48,453,001605,48453001605
3.9,36.3,2020-04-02,36.4,1400000US48453001911,3.8,48,453,001911,48453001911
3.8,50.8,2020-04-02,51.1,1400000US48453001914,3.8,48,453,001914,48453001914
5.7,55.8,2020-04-02,55.8,1400000US48453001916,5.7,48,453,001916,48453001916
5.7,49.1,2020-04-02,49.3,1400000US48453001919,5.7,48,453,001919,48453001919
4.9,48.9,2020-04-02,49.1,1400000US48453001922,4.8,48,453,001922,48453001922
4.1,34.4,2020-04-02,35,1400000US48453002003,4.1,48,453,002003,48453002003
5.5,37.5,2020-04-02,37.5,1400000US48453002007,5.5,48,453,002007,48453002007
4.6,47.6,2020-04-02,48.4,1400000US48453002106,4.6,48,453,002106,48453002106
4.6,25.8,2020-04-02,43.7,1400000US48453002109,3.3,48,453,002109,48453002109
3.3,31.4,2020-04-02,32.1,1400000US48453002112,3.2,48,453,002112,48453002112
3.9,23.8,2020-04-02,40.4,1400000US48453002201,2.9,48,453,002201,48453002201
2.1,25.7,2020-04-02,26.4,1400000US48453002214,2,48,453,002214,48453002214
3.5,32.2,2020-04-02,32.5,1400000US48453002217,3.5,48,453,002217,48453002217
2.7,24,2020-04-02,24.9,1400000US48453002220,2.6,48,453,002220,48453002220
3.4,28.8,2020-04-02,28.8,1400000US48453002304,3.4,48,453,002304,48453002304
3,28.6,2020-04-02,28.7,1400000US48453002313,3,48,453,002313,48453002313
2.3,21,2020-04-02,21,1400000US48453002316,2.3,48,453,002316,48453002316
2.7,26.5,2020-04-02,27,1400000US48453002321,2.6,48,453,002321,48453002321
3.2,31.9,2020-04-02,31.9,1400000US48453002323,3.2,48,453,002323,48453002323
4.1,25.6,2020-04-02,25.6,1400000US48453002326,4.1,48,453,002326,48453002326
3.5,33.9,2020-04-02,34.1,1400000US48453002407,3.5,48,453,002407,48453002407
4.9,38.6,2020-04-02,39.2,1400000US48453002444,4.9,48,453,002444,48453002444
3.5,53.2,2020-04-02,53.6,1400000US48453002446,3.5,48,453,002446,48453002446
4,32,2020-04-02,32.4,1400000US48453002449,3.9,48,453,002449,48453002449
3.9,48,2020-04-02,48.2,1400000US48453030600,3.9,48,453,030600,48453030600
2.3,26.9,2020-04-02,27.4,1400000US48453002452,2.3,48,453,002452,48453002452
4.1,52.7,2020-04-02,52.9,1400000US48453030000,4.1,48,453,030000,48453030000
3.6,44.3,2020-04-02,44.8,1400000US48453030300,3.6,48,453,030300,48453030300
5.4,47.7,2020-04-02,48,1400000US48453030900,5.4,48,453,030900,48453030900
5.5,54.7,2020-04-02,55,1400000US48453031200,5.4,48,453,031200,48453031200
2.6,32.9,2020-04-02,33,1400000US48453031400,2.6,48,453,031400,48453031400
4.6,42.1,2020-04-02,42.2,1400000US48453031700,4.5,48,453,031700,48453031700
4,43.3,2020-04-02,43.5,1400000US48453032000,4,48,453,032000,48453032000
3.8,39.9,2020-04-02,40,1400000US48453032300,3.8,48,453,032300,48453032300
6.1,59,2020-04-02,59,1400000US48453032600,6.1,48,453,032600,48453032600
3.6,47.3,2020-04-02,47.3,1400000US48453032900,3.6,48,453,032900,48453032900
5.2,43.8,2020-04-02,44.2,1400000US48453033200,5.2,48,453,033200,48453033200
5.2,52.4,2020-04-02,52.6,1400000US48453033500,5.2,48,453,033500,48453033500
6.3,54,2020-04-02,54,1400000US48453033700,6.3,48,453,033700,48453033700
4,47.3,2020-04-02,47.5,1400000US48453034000,4,48,453,034000,48453034000
4.4,63.7,2020-04-02,63.7,1400000US48453034300,4.4,48,453,034300,48453034300
3.5,27.5,2020-04-02,27.6,1400000US48453034600,3.5,48,453,034600,48453034600
4.2,48.9,2020-04-02,49,1400000US48453034900,4.2,48,453,034900,48453034900
1.8,34.8,2020-04-02,35.2,1400000US48453035200,1.8,48,453,035200,48453035200
2.4,37.3,2020-04-02,37.3,1400000US48453037500,2.4,48,453,037500,48453037500
2.8,27.4,2020-04-02,28.1,1400000US48453040100,2.8,48,453,040100,48453040100
5.1,48.4,2020-04-02,48.8,1400000US48453040400,5.1,48,453,040400,48453040400
2.1,21.1,2020-04-02,21.6,1400000US48453040700,2.1,48,453,040700,48453040700
3.5,18.3,2020-04-02,25.9,1400000US48453041000,2.4,48,453,041000,48453041000
7,52.9,2020-04-02,52.9,1400000US48453041300,7,48,453,041300,48453041300
3,34.6,2020-04-02,35.2,1400000US48453041600,3,48,453,041600,48453041600
4.5,48.2,2020-04-02,48.6,1400000US48453041900,4.5,48,453,041900,48453041900
3.8,42.8,2020-04-02,43,1400000US48453042100,3.8,48,453,042100,48453042100
3.4,42.6,2020-04-02,42.6,1400000US48453042400,3.4,48,453,042400,48453042400
5.2,47.3,2020-04-02,47.7,1400000US48453042700,5.1,48,453,042700,48453042700
3.8,31.8,2020-04-02,32.3,1400000US48453043000,3.7,48,453,043000,48453043000
2,21.4,2020-04-02,21.5,1400000US48453043300,2,48,453,043300,48453043300
3.5,28.3,2020-04-02,28.6,1400000US48453043600,3.5,48,453,043600,48453043600
3.7,33.6,2020-04-02,33.8,1400000US48453043900,3.7,48,453,043900,48453043900
3.6,36.8,2020-04-02,36.9,1400000US48453044100,3.6,48,453,044100,48453044100
4.4,43.2,2020-04-02,43.4,1400000US48453044400,4.4,48,453,044400,48453044400
3.4,34.6,2020-04-02,35,1400000US48453044700,3.2,48,453,044700,48453044700
3.9,40,2020-04-02,40.1,1400000US48453045000,3.9,48,453,045000,48453045000
3.6,35.5,2020-04-02,35.6,1400000US48453045300,3.6,48,453,045300,48453045300
3.2,43,2020-04-02,43,1400000US48453045600,3.2,48,453,045600,48453045600
4.6,38,2020-04-02,38.1,1400000US48453045900,4.6,48,453,045900,48453045900
5,42.1,2020-04-02,42.2,1400000US48453046200,5,48,453,046200,48453046200
3.1,37,2020-04-02,37.2,1400000US48491020113,3.1,48,491,020113,48491020113
4.3,49,2020-04-02,49.2,1400000US48491020115,4.3,48,491,020115,48491020115
3.1,72,2020-04-02,72.4,1400000US48491020118,3.1,48,491,020118,48491020118
2.5,29.5,2020-04-02,29.5,1400000US48491020121,2.5,48,491,020121,48491020121
5.4,52.6,2020-04-02,53.5,1400000US48491020123,5.1,48,491,020123,48491020123
3.5,69,2020-04-02,69.4,1400000US48491020203,3.5,48,491,020203,48491020203
4.1,39.4,2020-04-02,39.6,1400000US48491020207,4.1,48,491,020207,48491020207
3.9,37,2020-04-02,37,1400000US48491020311,3.9,48,491,020311,48491020311
3.3,37.4,2020-04-02,38.2,1400000US48491020321,3.2,48,491,020321,48491020321
6,52.5,2020-04-02,52.5,1400000US48491020326,6,48,491,020326,48491020326
2.9,36.5,2020-04-02,36.6,1400000US48491020330,2.9,48,491,020330,48491020330
3.6,33.1,2020-04-02,33.3,1400000US48491020332,3.6,48,491,020332,48491020332
5.3,52.1,2020-04-02,52.4,1400000US48491020335,5.3,48,491,020335,48491020335
5,38.1,2020-04-02,38.1,1400000US48491020338,5,48,491,020338,48491020338
4.5,44.3,2020-04-02,44.3,1400000US48491020341,4.5,48,491,020341,48491020341
3.5,36.2,2020-04-02,36.2,1400000US48491020343,3.5,48,491,020343,48491020343
4.2,44.4,2020-04-02,44.4,1400000US48491020346,4.2,48,491,020346,48491020346
4.7,39.8,2020-04-02,39.9,1400000US48491020349,4.7,48,491,020349,48491020349
6.9,45.7,2020-04-02,46,1400000US48491020351,6.9,48,491,020351,48491020351
4.8,49.2,2020-04-02,49.5,1400000US48491020354,4.8,48,491,020354,48491020354
3.5,39.7,2020-04-02,39.8,1400000US48491020403,3.5,48,491,020403,48491020403
3.8,33.5,2020-04-02,33.6,1400000US48491020406,3.7,48,491,020406,48491020406
3.6,40,2020-04-02,40,1400000US48491020409,3.6,48,491,020409,48491020409
4,46.6,2020-04-02,46.7,1400000US48491020609,4,48,491,020609,48491020609
6.1,54.1,2020-04-02,54.2,1400000US48491020706,6.1,48,491,020706,48491020706
3.8,42.3,2020-04-02,42.5,1400000US48491020813,3.7,48,491,020813,48491020813
3.9,35.2,2020-04-02,35.2,1400000US48491020710,3.9,48,491,020710,48491020710
4.8,44.8,2020-04-02,44.9,1400000US48491020713,4.8,48,491,020713,48491020713
4.7,38.2,2020-04-02,38.5,1400000US48491020810,4.6,48,491,020810,48491020810
4.3,36.8,2020-04-02,36.9,1400000US48491020816,4.3,48,491,020816,48491020816
4.4,46.4,2020-04-02,46.5,1400000US48491020818,4.4,48,491,020818,48491020818
3.1,21.1,2020-04-02,21.2,1400000US48491020821,3.1,48,491,020821,48491020821
2.5,11.7,2020-04-02,23.4,1400000US48491021000,1.7,48,491,021000,48491021000
4.1,45.6,2020-04-02,46.1,1400000US48491021202,4.1,48,491,021202,48491021202
2,21.3,2020-04-02,21.8,1400000US48491021300,1.9,48,491,021300,48491021300
3.9,38.8,2020-04-02,39,1400000US48491021405,3.9,48,491,021405,48491021405
2.6,35.7,2020-04-02,36,1400000US48491021502,2.6,48,491,021502,48491021502
5.2,46,2020-04-02,46.2,1400000US48491021506,5.2,48,491,021506,48491021506
2.9,42.5,2020-04-02,42.7,1400000US48491021511,2.9,48,491,021511,48491021511
2.9,26.7,2020-04-02,26.7,1400000US48491021514,2.9,48,491,021514,48491021514
3.6,40.3,2020-04-02,41,1400000US48491021516,3.6,48,491,021516,48491021516
3.1,35.5,2020-04-02,35.8,1400000US48491021601,3.1,48,491,021601,48491021601
3.9,46,2020-04-02,46,1400000US48453000204,3.9,48,453,000204,48453000204
3.5,27.5,2020-04-02,27.8,1400000US48453002315,3.4,48,453,002315,48453002315
2.7,21.3,2020-04-02,21.9,1400000US48453002450,2.7,48,453,002450,48453002450
5.2,42.2,2020-04-02,42.4,1400000US48453042500,5.2,48,453,042500,48453042500
3.6,42,2020-04-02,42.2,1400000US48491020327,3.6,48,491,020327,48491020327
3.1,35.3,2020-04-02,35.7,1400000US48491020709,3.1,48,491,020709,48491020709
4.4,35.5,2020-04-02,35.6,1400000US48453002447,4.4,48,453,002447,48453002447
4.3,37.3,2020-04-02,37.6,1400000US48453041500,4.3,48,453,041500,48453041500
4.8,42.7,2020-04-02,42.8,1400000US48491020337,4.8,48,491,020337,48491020337
4.7,62.3,2020-04-02,62.5,1400000US48491020815,4.7,48,491,020815,48491020815
3,30.4,2020-04-02,30.8,1400000US48021950101,2.9,48,021,950101,48021950101
3,30.7,2020-04-02,31.5,1400000US48021950201,3,48,021,950201,48021950201
3.2,39,2020-04-02,39.5,1400000US48021950202,3.2,48,021,950202,48021950202
2.8,32.3,2020-04-02,32.6,1400000US48021950302,2.8,48,021,950302,48021950302
3.1,29.8,2020-04-02,30.1,1400000US48021950303,3,48,021,950303,48021950303
3.3,48,2020-04-02,48.1,1400000US48021950402,3.3,48,021,950402,48021950402
3.2,43.3,2020-04-02,43.4,1400000US48021950403,3.2,48,021,950403,48021950403
2.5,33.2,2020-04-02,33.4,1400000US48021950504,2.5,48,021,950504,48021950504
2.2,26.8,2020-04-02,27.6,1400000US48021950506,2.1,48,021,950506,48021950506
2.4,15.3,2020-04-02,32.1,1400000US48021950601,1.8,48,021,950601,48021950601
3.9,35.8,2020-04-02,36.3,1400000US48021950700,3.9,48,021,950700,48021950700
2.5,17.8,2020-04-02,18.6,1400000US48021950803,2.5,48,021,950803,48021950803
3.3,13.9,2020-04-02,22.8,1400000US48021950805,2.3,48,021,950805,48021950805
2.2,14.4,2020-04-02,30.1,1400000US48021950806,1.5,48,021,950806,48021950806
2.4,25.1,2020-04-02,25.3,1400000US48055960102,2.3,48,055,960102,48055960102
3.7,13.2,2020-04-02,25.4,1400000US48055960103,2.7,48,055,960103,48055960103
3.1,31.2,2020-04-02,32,1400000US48055960200,3.1,48,055,960200,48055960200
3.6,31,2020-04-02,31.5,1400000US48055960400,3.6,48,055,960400,48055960400
2.7,26.2,2020-04-02,26.5,1400000US48055960501,2.7,48,055,960501,48055960501
1.9,23.5,2020-04-02,23.6,1400000US48055960600,1.9,48,055,960600,48055960600
2.5,22.2,2020-04-02,22.8,1400000US48055960701,2.4,48,055,960701,48055960701
2.8,25,2020-04-02,25.2,1400000US48209010306,2.8,48,209,010306,48209010306
2.4,21.2,2020-04-02,21.2,1400000US48209010200,2.4,48,209,010200,48209010200
3.2,28.2,2020-04-02,28.4,1400000US48209010302,3.2,48,209,010302,48209010302
1.9,18.7,2020-04-02,19.4,1400000US48209010307,1.7,48,209,010307,48209010307
1.4,11,2020-04-02,11.1,1400000US48209010309,1.4,48,209,010309,48209010309
3.6,29.2,2020-04-02,29.5,1400000US48209010401,3.6,48,209,010401,48209010401
2.7,24.6,2020-04-02,25.2,1400000US48209010500,2.6,48,209,010500,48209010500
3.8,31.3,2020-04-02,31.6,1400000US48209010601,3.7,48,209,010601,48209010601
2.9,35.8,2020-04-02,35.9,1400000US48209010603,2.9,48,209,010603,48209010603
1.7,26.8,2020-04-02,26.9,1400000US48209010702,1.7,48,209,010702,48209010702
2.2,20.8,2020-04-02,20.8,1400000US48209010704,2.2,48,209,010704,48209010704
3,44.3,2020-04-02,44.4,1400000US48209010806,3,48,209,010806,48209010806
4.2,44.9,2020-04-02,45,1400000US48209010809,4.2,48,209,010809,48209010809
2.6,27.9,2020-04-02,28.1,1400000US48209010810,2.6,48,209,010810,48209010810
2.4,32.6,2020-04-02,32.7,1400000US48209010812,2.4,48,209,010812,48209010812
0.8,16.8,2020-04-02,17,1400000US48209010813,0.8,48,209,010813,48209010813
5.6,52.2,2020-04-02,52.3,1400000US48209010815,5.6,48,209,010815,48209010815
4.9,50.4,2020-04-02,50.5,1400000US48209010816,4.8,48,209,010816,48209010816
3.1,43.8,2020-04-02,43.9,1400000US48209010818,3.1,48,209,010818,48209010818
4.2,40,2020-04-02,40.1,1400000US48209010905,4.2,48,209,010905,48209010905
4.9,54.6,2020-04-02,54.6,1400000US48209010911,4.9,48,209,010911,48209010911
4.8,45.1,2020-04-02,45.2,1400000US48209010912,4.8,48,209,010912,48209010912
3,51.8,2020-04-02,52.2,1400000US48209010914,3,48,209,010914,48209010914
4.8,49,2020-04-02,49.1,1400000US48209010915,4.8,48,209,010915,48209010915
5.4,42.3,2020-04-02,42.5,1400000US48209010917,5.3,48,209,010917,48209010917
5.5,42.5,2020-04-02,42.6,1400000US48209010918,5.4,48,209,010918,48209010918
3.7,27.3,2020-04-02,27.5,1400000US48209010920,3.7,48,209,010920,48209010920
2.4,22.8,2020-04-02,23.4,1400000US48209010921,2.3,48,209,010921,48209010921
5.1,34.7,2020-04-02,35,1400000US48209010923,5.1,48,209,010923,48209010923
4.8,46.4,2020-04-02,47,1400000US48209010924,4.8,48,209,010924,48209010924
3.6,36.1,2020-04-02,36.4,1400000US48491020344,3.6,48,491,020344,48491020344
2.6,27.6,2020-04-02,27.6,1400000US48491020339,2.6,48,491,020339,48491020339
3,30,2020-04-02,30,1400000US48491020340,3,48,491,020340,48491020340
3.6,39,2020-04-02,39,1400000US48491020342,3.6,48,491,020342,48491020342
4.6,47.3,2020-04-02,47.3,1400000US48491020345,4.6,48,491,020345,48491020345
3.2,32.7,2020-04-02,32.8,1400000US48491020347,3.2,48,491,020347,48491020347
3.1,35.6,2020-04-02,35.9,1400000US48491020348,3,48,491,020348,48491020348
3.8,47.3,2020-04-02,47.3,1400000US48491020350,3.8,48,491,020350,48491020350
4.4,40.8,2020-04-02,40.9,1400000US48491020352,4.4,48,491,020352,48491020352
2.9,45.9,2020-04-02,46.5,1400000US48491020353,2.9,48,491,020353,48491020353
4.3,44.8,2020-04-02,44.8,1400000US48491020355,4.3,48,491,020355,48491020355
2.4,28.3,2020-04-02,28.5,1400000US48491020356,2.4,48,491,020356,48491020356
6.9,52.5,2020-04-02,52.5,1400000US48491020404,6.9,48,491,020404,48491020404
3.2,38.9,2020-04-02,39.1,1400000US48491020405,3.1,48,491,020405,48491020405
3.5,36.8,2020-04-02,37.3,1400000US48491020408,3.4,48,491,020408,48491020408
3.6,42,2020-04-02,42.3,1400000US48491020410,3.6,48,491,020410,48491020410
4.6,44.5,2020-04-02,44.5,1400000US48491020411,4.6,48,491,020411,48491020411
4.7,57.3,2020-04-02,57.9,1400000US48491020503,4.6,48,491,020503,48491020503
4.9,49.2,2020-04-02,49.2,1400000US48491020505,4.9,48,491,020505,48491020505
3.9,39.7,2020-04-02,39.8,1400000US48491020507,3.9,48,491,020507,48491020507
3.5,32.7,2020-04-02,32.7,1400000US48491020508,3.5,48,491,020508,48491020508
7.3,53.9,2020-04-02,53.9,1400000US48491020509,7.3,48,491,020509,48491020509
2.9,36.8,2020-04-02,37.3,1400000US48491020511,2.8,48,491,020511,48491020511
3.1,29.1,2020-04-02,29.3,1400000US48491020512,3.1,48,491,020512,48491020512
2.6,26.9,2020-04-02,27,1400000US48491020513,2.6,48,491,020513,48491020513
5.4,58.6,2020-04-02,58.6,1400000US48491020514,5.4,48,491,020514,48491020514
4.5,51.6,2020-04-02,51.6,1400000US48491020515,4.5,48,491,020515,48491020515
5,51.7,2020-04-02,51.8,1400000US48491020516,5,48,491,020516,48491020516
4.2,51.5,2020-04-02,51.7,1400000US48491020517,4.2,48,491,020517,48491020517
3.5,45.1,2020-04-02,45.4,1400000US48491020602,3.5,48,491,020602,48491020602
4.1,47.7,2020-04-02,47.8,1400000US48491020604,4.1,48,491,020604,48491020604
5.8,55.8,2020-04-02,55.8,1400000US48491020606,5.8,48,491,020606,48491020606
6.4,53.1,2020-04-02,53.2,1400000US48491020607,6.3,48,491,020607,48491020607
4.9,47.3,2020-04-02,47.3,1400000US48491020608,4.9,48,491,020608,48491020608
2.9,27.3,2020-04-02,28.2,1400000US48491020701,2.8,48,491,020701,48491020701
3.2,37.3,2020-04-02,37.9,1400000US48491020704,3.2,48,491,020704,48491020704
4,40.4,2020-04-02,40.6,1400000US48491020707,4,48,491,020707,48491020707
5.4,45.3,2020-04-02,45.4,1400000US48491020711,5.4,48,491,020711,48491020711
5.6,44.3,2020-04-02,44.4,1400000US48491020712,5.6,48,491,020712,48491020712
3.6,19.5,2020-04-02,40.4,1400000US48491020808,2.4,48,491,020808,48491020808
3.9,44.6,2020-04-02,44.6,1400000US48491020811,3.9,48,491,020811,48491020811
4.8,33.3,2020-04-02,33.4,1400000US48491020812,4.8,48,491,020812,48491020812
4.5,55.3,2020-04-02,55.3,1400000US48491020814,4.5,48,491,020814,48491020814
4,34.2,2020-04-02,34.4,1400000US48491020822,4,48,491,020822,48491020822
5.5,41.6,2020-04-02,41.6,1400000US48491020817,5.5,48,491,020817,48491020817
7.4,51.2,2020-04-02,51.2,1400000US48491020819,7.4,48,491,020819,48491020819
5.1,41.7,2020-04-02,42.2,1400000US48491020820,5.1,48,491,020820,48491020820
3.1,18,2020-04-02,38,1400000US48491020900,1.7,48,491,020900,48491020900
4.7,31.1,2020-04-02,31.7,1400000US48491021100,4.7,48,491,021100,48491021100
4,46.5,2020-04-02,47,1400000US48491021201,4,48,491,021201,48491021201
2.9,19.2,2020-04-02,44.6,1400000US48491021203,1.7,48,491,021203,48491021203
2.3,34.5,2020-04-02,34.9,1400000US48491021402,2.1,48,491,021402,48491021402
4.5,49.4,2020-04-02,49.6,1400000US48491021404,4.5,48,491,021404,48491021404
3.9,43.6,2020-04-02,43.8,1400000US48491021406,3.9,48,491,021406,48491021406
3.6,39.1,2020-04-02,39.2,1400000US48491021407,3.6,48,491,021407,48491021407
3,35.9,2020-04-02,36.1,1400000US48491021503,3,48,491,021503,48491021503
4.1,46.3,2020-04-02,46.4,1400000US48491021509,4.1,48,491,021509,48491021509
2.7,35.7,2020-04-02,35.9,1400000US48491021510,2.7,48,491,021510,48491021510
4.5,42.4,2020-04-02,42.8,1400000US48491021512,4.5,48,491,021512,48491021512
2.4,31.5,2020-04-02,31.8,1400000US48491021513,2.4,48,491,021513,48491021513
4.2,46.8,2020-04-02,47.2,1400000US48491021515,4.2,48,491,021515,48491021515
3.9,37,2020-04-02,37.1,1400000US48491021517,3.9,48,491,021517,48491021517
4.3,39.6,2020-04-02,39.8,1400000US48491021518,4.3,48,491,021518,48491021518
3.7,30.3,2020-04-02,30.4,1400000US48491021602,3.7,48,491,021602,48491021602
2.5,27.6,2020-04-02,28,1400000US48491021603,2.5,48,491,021603,48491021603
2.4,27.8,2020-04-02,27.9,1400000US48021950102,2.4,48,021,950102,48021950102
3,38.2,2020-04-02,38.3,1400000US48021950301,3,48,021,950301,48021950301
2.3,32,2020-04-02,33,1400000US48021950401,2.3,48,021,950401,48021950401
1.8,30.6,2020-04-02,30.7,1400000US48021950503,1.8,48,021,950503,48021950503
2.4,22.8,2020-04-02,22.8,1400000US48021950505,2.4,48,021,950505,48021950505
2.8,16.4,2020-04-02,33.8,1400000US48021950602,2.4,48,021,950602,48021950602
2.4,25.1,2020-04-02,25.3,1400000US48021950804,2.4,48,021,950804,48021950804
3.6,12.4,2020-04-02,28.5,1400000US48055960104,1.9,48,055,960104,48055960104
2.7,19.5,2020-04-02,19.7,1400000US48055960502,2.7,48,055,960502,48055960502
2.6,32.1,2020-04-02,33,1400000US48055960702,2.5,48,055,960702,48055960702
5.3,45.8,2020-04-02,46.4,1400000US48055960300,5.3,48,055,960300,48055960300
3.9,45,2020-04-02,45.2,1400000US48491020109,3.9,48,491,020109,48491020109
3.2,51,2020-04-02,51.4,1400000US48491020111,3.2,48,491,020111,48491020111
3.1,43.6,2020-04-02,43.8,1400000US48491020114,3.1,48,491,020114,48491020114
3.9,71.2,2020-04-02,71.9,1400000US48491020116,3.8,48,491,020116,48491020116
3.6,66.6,2020-04-02,67.3,1400000US48491020117,3.6,48,491,020117,48491020117
3.7,71.7,2020-04-02,72,1400000US48491020119,3.7,48,491,020119,48491020119
3.5,36.6,2020-04-02,36.7,1400000US48491020120,3.5,48,491,020120,48491020120
2.4,37.4,2020-04-02,37.5,1400000US48491020122,2.4,48,491,020122,48491020122
2.9,33.4,2020-04-02,33.4,1400000US48491020124,2.9,48,491,020124,48491020124
1.5,25.6,2020-04-02,25.6,1400000US48491020201,1.5,48,491,020201,48491020201
3,44.8,2020-04-02,44.8,1400000US48491020205,3,48,491,020205,48491020205
3.4,28.5,2020-04-02,28.9,1400000US48491020206,3.4,48,491,020206,48491020206
3.6,40.6,2020-04-02,40.7,1400000US48491020208,3.6,48,491,020208,48491020208
5.6,49.9,2020-04-02,50.1,1400000US48491020310,5.6,48,491,020310,48491020310
4,46.6,2020-04-02,46.6,1400000US48491020319,4,48,491,020319,48491020319
3.8,40.9,2020-04-02,41,1400000US48491020323,3.8,48,491,020323,48491020323
3.3,40.2,2020-04-02,40.5,1400000US48491020325,3.3,48,491,020325,48491020325
3.3,34.9,2020-04-02,34.9,1400000US48491020329,3.3,48,491,020329,48491020329
3.7,40.6,2020-04-02,40.7,1400000US48491020331,3.7,48,491,020331,48491020331
4.7,48.1,2020-04-02,48.2,1400000US48491020333,4.7,48,491,020333,48491020333
4.1,39.5,2020-04-02,39.7,1400000US48491020334,4.1,48,491,020334,48491020334
4.2,44,2020-04-02,44.1,1400000US48491020336,4.2,48,491,020336,48491020336
3.4,31.5,2020-04-02,31.8,1400000US48209010402,3.3,48,209,010402,48209010402
3.2,31.6,2020-04-02,31.8,1400000US48209010100,3.2,48,209,010100,48209010100
3.3,21.4,2020-04-02,21.4,1400000US48209010305,3.3,48,209,010305,48209010305
2.5,15.7,2020-04-02,15.7,1400000US48209010308,2.5,48,209,010308,48209010308
3.6,53.2,2020-04-02,53.6,1400000US48209010602,3.6,48,209,010602,48209010602
3.3,32,2020-04-02,32.1,1400000US48209010703,3.3,48,209,010703,48209010703
1.9,28.6,2020-04-02,28.7,1400000US48209010807,1.9,48,209,010807,48209010807
1.4,19.7,2020-04-02,19.8,1400000US48209010811,1.4,48,209,010811,48209010811
2.2,34.6,2020-04-02,34.7,1400000US48209010814,2.2,48,209,010814,48209010814
4.3,41.8,2020-04-02,42.1,1400000US48209010817,4.3,48,209,010817,48209010817
3.4,43.2,2020-04-02,43.3,1400000US48209010909,3.4,48,209,010909,48209010909
4,37.5,2020-04-02,37.8,1400000US48209010913,4,48,209,010913,48209010913
3.7,33.3,2020-04-02,33.5,1400000US48209010916,3.7,48,209,010916,48209010916
3.1,33.5,2020-04-02,33.7,1400000US48209010919,3.1,48,209,010919,48209010919
5.4,37.4,2020-04-02,37.6,1400000US48209010922,5.4,48,209,010922,48209010922
3.4,30.9,2020-04-02,31.3,1400000US48209010925,3.3,48,209,010925,48209010925
4,40.1,2020-04-02,40.5,1400000US48453040500,4,48,453,040500,48453040500
2.9,32,2020-04-02,32.4,1400000US48453040000,2.8,48,453,040000,48453040000
2.8,28.1,2020-04-02,28.8,1400000US48453040200,2.8,48,453,040200,48453040200
2.7,24,2020-04-02,24.2,1400000US48453040300,2.7,48,453,040300,48453040300
1.9,27.3,2020-04-02,27.8,1400000US48453040600,1.9,48,453,040600,48453040600
3.8,41.1,2020-04-02,41.3,1400000US48453040800,3.8,48,453,040800,48453040800
2.6,28.5,2020-04-02,29,1400000US48453040900,2.6,48,453,040900,48453040900
5.2,44,2020-04-02,44.2,1400000US48453041100,5.2,48,453,041100,48453041100
3.8,37.5,2020-04-02,37.7,1400000US48453041200,3.8,48,453,041200,48453041200
4,41.3,2020-04-02,41.4,1400000US48453041400,3.9,48,453,041400,48453041400
6.6,50.2,2020-04-02,50.3,1400000US48453041700,6.6,48,453,041700,48453041700
3.5,39.1,2020-04-02,39.1,1400000US48453041800,3.5,48,453,041800,48453041800
8.2,55.9,2020-04-02,56.1,1400000US48453042000,8.2,48,453,042000,48453042000
4,36,2020-04-02,36.3,1400000US48453042200,4,48,453,042200,48453042200
5.6,48.6,2020-04-02,48.7,1400000US48453042300,5.6,48,453,042300,48453042300
2.9,33.1,2020-04-02,33.7,1400000US48453042600,2.8,48,453,042600,48453042600
4.1,43.8,2020-04-02,44,1400000US48453042800,4.1,48,453,042800,48453042800
3.7,29.9,2020-04-02,30.3,1400000US48453042900,3.7,48,453,042900,48453042900
2.1,18.9,2020-04-02,19.2,1400000US48453043100,2.1,48,453,043100,48453043100
2,20.7,2020-04-02,21.2,1400000US48453043200,1.9,48,453,043200,48453043200
3.4,30.9,2020-04-02,31.5,1400000US48453043400,3.4,48,453,043400,48453043400
3.9,32.9,2020-04-02,33.1,1400000US48453043500,3.9,48,453,043500,48453043500
3.6,31.6,2020-04-02,31.8,1400000US48453043700,3.6,48,453,043700,48453043700
4.5,40.6,2020-04-02,40.8,1400000US48453043800,4.4,48,453,043800,48453043800
3.2,37.1,2020-04-02,37.3,1400000US48453044000,3.2,48,453,044000,48453044000
3.3,29.3,2020-04-02,29.4,1400000US48453044200,3.2,48,453,044200,48453044200
2.7,30,2020-04-02,30.2,1400000US48453044300,2.7,48,453,044300,48453044300
3.6,49.8,2020-04-02,50.7,1400000US48453044500,3.6,48,453,044500,48453044500
4.2,47.9,2020-04-02,48,1400000US48453044600,4.2,48,453,044600,48453044600
3.4,35.9,2020-04-02,36.3,1400000US48453044800,3.4,48,453,044800,48453044800
2.9,29.7,2020-04-02,30,1400000US48453044900,2.8,48,453,044900,48453044900
3.5,40.4,2020-04-02,40.6,1400000US48453045100,3.5,48,453,045100,48453045100
3.7,43.7,2020-04-02,43.8,1400000US48453045200,3.6,48,453,045200,48453045200
3.7,31.9,2020-04-02,31.9,1400000US48453045400,3.7,48,453,045400,48453045400
4,43.3,2020-04-02,44,1400000US48453045500,3.9,48,453,045500,48453045500
2.8,37.4,2020-04-02,37.5,1400000US48453045700,2.8,48,453,045700,48453045700
2.8,31.8,2020-04-02,31.9,1400000US48453045800,2.8,48,453,045800,48453045800
4.5,40.5,2020-04-02,40.9,1400000US48453046000,4.5,48,453,046000,48453046000
3.9,39.3,2020-04-02,39.4,1400000US48453046100,3.9,48,453,046100,48453046100
2.9,51.7,2020-04-02,51.8,1400000US48453046300,2.9,48,453,046300,48453046300
4.9,37.6,2020-04-02,37.8,1400000US48453046400,4.9,48,453,046400,48453046400
3.5,38.1,2020-04-02,38.3,1400000US48453046500,3.5,48,453,046500,48453046500
6.7,46.9,2020-04-02,47.1,1400000US48453046600,6.7,48,453,046600,48453046600
5.8,52.7,2020-04-02,52.7,1400000US48453046700,5.8,48,453,046700,48453046700
6.1,50.1,2020-04-02,50.1,1400000US48453046800,6.1,48,453,046800,48453046800
6.9,46.9,2020-04-02,47,1400000US48453046900,6.9,48,453,046900,48453046900
6,51.1,2020-04-02,51.3,1400000US48453047000,5.8,48,453,047000,48453047000
4.5,56,2020-04-02,56.2,1400000US48491020106,4.5,48,491,020106,48491020106
4.1,49,2020-04-02,49.5,1400000US48491020108,4,48,491,020108,48491020108
4.2,47.5,2020-04-02,48,1400000US48453000101,4.2,48,453,000101,48453000101
3.4,33.9,2020-04-02,33.9,1400000US48453000203,3.4,48,453,000203,48453000203
4.1,45.2,2020-04-02,46.1,1400000US48453000206,4.1,48,453,000206,48453000206
3.8,44.4,2020-04-02,44.5,1400000US48453000302,3.8,48,453,000302,48453000302
4.5,45.5,2020-04-02,45.5,1400000US48453000305,4.5,48,453,000305,48453000305
5.5,49.7,2020-04-02,49.8,1400000US48453000307,5.5,48,453,000307,48453000307
4.7,49.5,2020-04-02,49.6,1400000US48453000309,4.6,48,453,000309,48453000309
4.1,40.2,2020-04-02,40.4,1400000US48453000402,4.1,48,453,000402,48453000402
3.9,43,2020-04-02,43.1,1400000US48453000500,3.9,48,453,000500,48453000500
3.6,24.6,2020-04-02,24.6,1400000US48453000605,3.6,48,453,000605,48453000605
2.3,17.8,2020-04-02,17.8,1400000US48453000606,2.3,48,453,000606,48453000606
2,13.8,2020-04-02,13.8,1400000US48453000608,2,48,453,000608,48453000608
3.1,33.2,2020-04-02,33.5,1400000US48453000700,3.1,48,453,000700,48453000700
3.9,37.1,2020-04-02,37.6,1400000US48453000802,3.9,48,453,000802,48453000802
4.2,36.3,2020-04-02,36.6,1400000US48453000803,4.2,48,453,000803,48453000803
3.6,37,2020-04-02,37.3,1400000US48453000901,3.6,48,453,000901,48453000901
3.5,30.4,2020-04-02,30.5,1400000US48453000902,3.5,48,453,000902,48453000902
2.5,29,2020-04-02,29.1,1400000US48453001101,2.5,48,453,001101,48453001101
2.5,31.5,2020-04-02,31.6,1400000US48453001102,2.5,48,453,001102,48453001102
2.4,30.5,2020-04-02,30.7,1400000US48453001103,2.4,48,453,001103,48453001103
3.2,36.6,2020-04-02,36.7,1400000US48453001200,3.1,48,453,001200,48453001200
3.5,41.3,2020-04-02,41.6,1400000US48453001304,3.5,48,453,001304,48453001304
5,41.3,2020-04-02,41.6,1400000US48453001307,4.9,48,453,001307,48453001307
4.2,33.2,2020-04-02,33.3,1400000US48453001311,4.2,48,453,001311,48453001311
3.7,37,2020-04-02,37,1400000US48453001308,3.7,48,453,001308,48453001308
3.3,42.5,2020-04-02,42.5,1400000US48453001309,3.3,48,453,001309,48453001309
3.9,33.8,2020-04-02,34,1400000US48453001310,3.9,48,453,001310,48453001310
3.3,37.5,2020-04-02,38,1400000US48453001312,3.3,48,453,001312,48453001312
3.1,31.4,2020-04-02,31.5,1400000US48453001401,3.1,48,453,001401,48453001401
5,40.7,2020-04-02,40.8,1400000US48453001402,5,48,453,001402,48453001402
2.7,34.9,2020-04-02,35.1,1400000US48453001403,2.7,48,453,001403,48453001403
6.5,53,2020-04-02,53.3,1400000US48453001501,6.5,48,453,001501,48453001501
3.7,43.6,2020-04-02,43.9,1400000US48453001503,3.7,48,453,001503,48453001503
5.7,48.8,2020-04-02,48.9,1400000US48453001504,5.7,48,453,001504,48453001504
6.6,45.1,2020-04-02,45.4,1400000US48453001505,6.5,48,453,001505,48453001505
2.9,44.5,2020-04-02,44.5,1400000US48453001602,2.9,48,453,001602,48453001602
4.9,48.5,2020-04-02,48.5,1400000US48453001603,4.9,48,453,001603,48453001603
5.6,47.7,2020-04-02,47.8,1400000US48453001604,5.6,48,453,001604,48453001604
3.6,17.9,2020-04-02,32.1,1400000US48453001606,3.6,48,453,001606,48453001606
3.8,47.9,2020-04-02,48.2,1400000US48453001910,3.8,48,453,001910,48453001910
3.2,41.6,2020-04-02,41.9,1400000US48453001912,3.2,48,453,001912,48453001912
5.1,48.3,2020-04-02,48.4,1400000US48453001913,5.1,48,453,001913,48453001913
3.3,39.3,2020-04-02,39.4,1400000US48453001915,3.3,48,453,001915,48453001915
3.4,58.1,2020-04-02,58.3,1400000US48453001917,3.3,48,453,001917,48453001917
3.1,45.6,2020-04-02,45.9,1400000US48453001918,3.1,48,453,001918,48453001918
3.5,36.4,2020-04-02,36.6,1400000US48453001920,3.5,48,453,001920,48453001920
2.6,49.9,2020-04-02,50.3,1400000US48453001921,2.6,48,453,001921,48453001921
4.9,45.5,2020-04-02,45.6,1400000US48453001923,4.9,48,453,001923,48453001923
4.2,42.8,2020-04-02,43.4,1400000US48453002002,4.1,48,453,002002,48453002002
4.3,38.7,2020-04-02,38.9,1400000US48453002004,4.3,48,453,002004,48453002004
3.4,28.1,2020-04-02,28.4,1400000US48453002006,3.4,48,453,002006,48453002006
5.2,51.7,2020-04-02,51.9,1400000US48453002104,5.1,48,453,002104,48453002104
3,27.8,2020-04-02,28.6,1400000US48453002105,3,48,453,002105,48453002105
4.1,41.1,2020-04-02,41.9,1400000US48453002107,4.1,48,453,002107,48453002107
3.5,35.4,2020-04-02,36.2,1400000US48453002108,3.5,48,453,002108,48453002108
3,33,2020-04-02,33.3,1400000US48453002110,2.9,48,453,002110,48453002110
3.4,32.7,2020-04-02,33.1,1400000US48453002111,3.4,48,453,002111,48453002111
4.5,47.4,2020-04-02,48.2,1400000US48453002113,4.5,48,453,002113,48453002113
4.3,31.2,2020-04-02,31.3,1400000US48453002211,4.3,48,453,002211,48453002211
3.5,25.8,2020-04-02,26,1400000US48453002213,3.4,48,453,002213,48453002213
3.9,27.7,2020-04-02,28,1400000US48453002215,3.9,48,453,002215,48453002215
4.2,36.7,2020-04-02,37.1,1400000US48453002216,4.2,48,453,002216,48453002216
4,32.5,2020-04-02,32.7,1400000US48453002218,4,48,453,002218,48453002218
3,30.7,2020-04-02,31,1400000US48453002219,3,48,453,002219,48453002219
1.8,21.6,2020-04-02,22.3,1400000US48453002221,1.8,48,453,002221,48453002221
3.3,27.1,2020-04-02,27.7,1400000US48453002222,3.3,48,453,002222,48453002222
3.8,30,2020-04-02,30.3,1400000US48453002307,3.8,48,453,002307,48453002307
2.2,17.1,2020-04-02,17.4,1400000US48453002310,2.2,48,453,002310,48453002310
2,22.5,2020-04-02,22.6,1400000US48453002324,2,48,453,002324,48453002324
2.9,27.5,2020-04-02,27.8,1400000US48453002314,2.9,48,453,002314,48453002314
3.5,24.8,2020-04-02,25.4,1400000US48453002320,3.3,48,453,002320,48453002320
3.7,26.7,2020-04-02,26.9,1400000US48453002322,3.7,48,453,002322,48453002322
3.9,26.9,2020-04-02,27.4,1400000US48453002325,3.8,48,453,002325,48453002325
3,17.3,2020-04-02,17.5,1400000US48453002327,3,48,453,002327,48453002327
4.5,39.3,2020-04-02,39.6,1400000US48453002403,4.5,48,453,002403,48453002403
5.4,44.8,2020-04-02,45.1,1400000US48453002409,5.4,48,453,002409,48453002409
4,32.2,2020-04-02,32.5,1400000US48453002410,4,48,453,002410,48453002410
3.1,26.9,2020-04-02,27.4,1400000US48453002411,3.1,48,453,002411,48453002411
5.9,21.3,2020-04-02,35.1,1400000US48453002412,3.7,48,453,002412,48453002412
3.4,18,2020-04-02,27.2,1400000US48453002413,2.5,48,453,002413,48453002413
2.6,22.9,2020-04-02,23.3,1400000US48453002419,2.6,48,453,002419,48453002419
3.9,35.1,2020-04-02,35.6,1400000US48453002422,3.8,48,453,002422,48453002422
4.4,46.8,2020-04-02,47.1,1400000US48453002423,4.4,48,453,002423,48453002423
4.8,37.2,2020-04-02,37.9,1400000US48453002424,4.7,48,453,002424,48453002424
2.6,24.2,2020-04-02,24.8,1400000US48453002430,2.6,48,453,002430,48453002430
3.6,34.4,2020-04-02,34.6,1400000US48453002432,3.6,48,453,002432,48453002432
3.5,26.6,2020-04-02,26.7,1400000US48453002434,3.5,48,453,002434,48453002434
4.7,14.4,2020-04-02,27.4,1400000US48453002436,3.1,48,453,002436,48453002436
3.8,36.1,2020-04-02,36.2,1400000US48453002437,3.8,48,453,002437,48453002437
4.4,42.7,2020-04-02,42.9,1400000US48453002438,4.4,48,453,002438,48453002438
5.9,35.4,2020-04-02,36,1400000US48453002439,5.9,48,453,002439,48453002439
4.8,36.1,2020-04-02,36.3,1400000US48453002440,4.7,48,453,002440,48453002440
3,24.4,2020-04-02,25,1400000US48453002441,2.9,48,453,002441,48453002441
3.8,31.6,2020-04-02,31.9,1400000US48453002442,3.7,48,453,002442,48453002442
4.6,32,2020-04-02,32.1,1400000US48453002443,4.6,48,453,002443,48453002443
3.9,35.7,2020-04-02,35.7,1400000US48453002445,3.9,48,453,002445,48453002445
5.2,35.9,2020-04-02,36.1,1400000US48453002448,5.1,48,453,002448,48453002448
4.2,32.5,2020-04-02,32.5,1400000US48453002451,4.1,48,453,002451,48453002451
3,28.4,2020-04-02,28.7,1400000US48453002453,3,48,453,002453,48453002453
4,45,2020-04-02,45.2,1400000US48453002500,4,48,453,002500,48453002500
5.5,48.7,2020-04-02,48.7,1400000US48453030100,5.5,48,453,030100,48453030100
5.2,51.4,2020-04-02,51.8,1400000US48453030200,5.2,48,453,030200,48453030200
5.8,47.9,2020-04-02,48.4,1400000US48453030400,5.7,48,453,030400,48453030400
4.1,46.1,2020-04-02,46.2,1400000US48453030500,4.1,48,453,030500,48453030500
6.8,60,2020-04-02,60.2,1400000US48453030700,6.8,48,453,030700,48453030700
4.6,38.7,2020-04-02,38.8,1400000US48453030800,4.6,48,453,030800,48453030800
5.1,44.6,2020-04-02,44.9,1400000US48453031000,5.1,48,453,031000,48453031000
5.8,52.1,2020-04-02,52.2,1400000US48453031100,5.7,48,453,031100,48453031100
6.2,45.7,2020-04-02,45.8,1400000US48453031300,6.1,48,453,031300,48453031300
4.2,42.5,2020-04-02,42.8,1400000US48453031500,4.1,48,453,031500,48453031500
3.5,51.8,2020-04-02,52,1400000US48453031600,3.5,48,453,031600,48453031600
4.2,44.6,2020-04-02,45,1400000US48453031800,4.2,48,453,031800,48453031800
6.1,42.4,2020-04-02,42.6,1400000US48453031900,6.1,48,453,031900,48453031900
4,47.8,2020-04-02,48,1400000US48453032500,4,48,453,032500,48453032500
3.8,36.4,2020-04-02,36.4,1400000US48453032100,3.8,48,453,032100,48453032100
6.3,58.8,2020-04-02,59.1,1400000US48453032200,6.2,48,453,032200,48453032200
4.6,35.6,2020-04-02,35.6,1400000US48453032400,4.6,48,453,032400,48453032400
6.9,50.6,2020-04-02,50.7,1400000US48453032700,6.9,48,453,032700,48453032700
3.9,49,2020-04-02,49.6,1400000US48453032800,3.9,48,453,032800,48453032800
4.8,43.6,2020-04-02,43.7,1400000US48453033000,4.8,48,453,033000,48453033000
3.9,49.7,2020-04-02,49.8,1400000US48453033100,3.9,48,453,033100,48453033100
6.7,54,2020-04-02,54,1400000US48453033300,6.7,48,453,033300,48453033300
6.9,47.3,2020-04-02,47.3,1400000US48453033400,6.9,48,453,033400,48453033400
4.7,44.7,2020-04-02,45.2,1400000US48453033600,4.7,48,453,033600,48453033600
6.6,59.6,2020-04-02,59.6,1400000US48453033800,6.6,48,453,033800,48453033800
5,46.3,2020-04-02,46.3,1400000US48453033900,5,48,453,033900,48453033900
4.1,39,2020-04-02,39,1400000US48453034100,4.1,48,453,034100,48453034100
3.1,36.8,2020-04-02,36.9,1400000US48453034200,3.1,48,453,034200,48453034200
3.6,32.8,2020-04-02,32.8,1400000US48453034400,3.6,48,453,034400,48453034400
5.3,66.8,2020-04-02,67,1400000US48453034500,5.3,48,453,034500,48453034500
5.7,45.7,2020-04-02,45.7,1400000US48453034700,5.7,48,453,034700,48453034700
6.6,47.1,2020-04-02,47.3,1400000US48453034800,6.6,48,453,034800,48453034800
4.3,45.1,2020-04-02,45.2,1400000US48453035000,4.3,48,453,035000,48453035000
3.6,41.4,2020-04-02,41.5,1400000US48453035100,3.6,48,453,035100,48453035100
2.3,29.2,2020-04-02,29.4,1400000US48453035300,2.3,48,453,035300,48453035300
3.1,40.9,2020-04-02,40.9,1400000US48453035400,3.1,48,453,035400,48453035400
6.1,53.1,2020-04-02,53.1,1400000US48453035500,6.1,48,453,035500,48453035500
2.6,33.8,2020-04-02,33.8,1400000US48453035600,2.6,48,453,035600,48453035600
5.3,55.1,2020-04-02,55.1,1400000US48453035700,5.3,48,453,035700,48453035700
4.7,38.4,2020-04-02,38.5,1400000US48453035800,4.7,48,453,035800,48453035800
1.9,30.8,2020-04-02,31.1,1400000US48453035900,1.8,48,453,035900,48453035900
2.1,46.7,2020-04-02,46.7,1400000US48453036000,2.1,48,453,036000,48453036000
3.8,43.4,2020-04-02,43.4,1400000US48453036100,3.8,48,453,036100,48453036100
3.8,42.2,2020-04-02,42.2,1400000US48453036200,3.8,48,453,036200,48453036200
2.5,27.6,2020-04-02,27.9,1400000US48453036300,2.5,48,453,036300,48453036300
0.7,13.4,2020-04-02,13.4,1400000US48453036400,0.7,48,453,036400,48453036400
4.6,46.4,2020-04-02,46.5,1400000US48453036500,4.6,48,453,036500,48453036500
3.1,39.2,2020-04-02,39.2,1400000US48453036600,3.1,48,453,036600,48453036600
7.7,57.9,2020-04-02,57.9,1400000US48453036700,7.7,48,453,036700,48453036700
7.8,57.8,2020-04-02,57.8,1400000US48453036800,7.8,48,453,036800,48453036800
5.8,56.5,2020-04-02,56.8,1400000US48453036900,5.8,48,453,036900,48453036900
3.6,38.3,2020-04-02,38.3,1400000US48453037000,3.6,48,453,037000,48453037000
5.3,66.7,2020-04-02,66.7,1400000US48453037100,5.3,48,453,037100,48453037100
5.4,50.6,2020-04-02,50.6,1400000US48453037200,5.4,48,453,037200,48453037200
1.6,20.5,2020-04-02,20.7,1400000US48453037300,1.6,48,453,037300,48453037300
1.1,18.2,2020-04-02,18.3,1400000US48453037400,1.1,48,453,037400,48453037400
1.5,30.6,2020-04-02,30.7,1400000US48453037600,1.5,48,453,037600,48453037600
7.1,53.2,2020-04-02,53.2,1400000US48453000102,7.1,48,453,000102,48453000102
